name,ein,city,state,website,phone,formatted_address,place_id
LILLY ENDOWMENT INC,350868122,INDIANAPOLIS,IN,http://www.lillyendowment.org/,(317) 924-5471,2801 N Meridian St, Indianapolis, IN 46208, USA,ChIJ1UM8ED1Ra4gRjyGJRmyZLoE
GATES FOUNDATION,562618866,SEATTLE,WA,http://gatesfoundation.org/,(206) 709-3100,500 5th Ave N, Seattle, WA 98109, USA,ChIJM3d0rEcVkFQRHe-TbdJ-y68
GATES FOUNDATION TRUST,911663695,KIRKLAND,WA,http://gatesfoundation.org/,(206) 709-3100,500 5th Ave N, Seattle, WA 98109, USA,ChIJM3d0rEcVkFQRHe-TbdJ-y68
FORD FOUNDATION,131684331,NEW YORK,NY,https://www.fordfoundation.org/about/the-ford-foundation-center-for-social-justice/,(212) 573-5000,320 E 43rd St, New York, NY 10017, USA,ChIJ-f_F2txZwokR_cfRXvbXrsI
WILLIAM & FLORA HEWLETT FOUNDATION,941655673,MENLO PARK,CA,http://hewlett.org/,(650) 234-4500,2121 Sand Hill Rd, Menlo Park, CA 94025, USA,ChIJeVCq7d6kj4ARVCfILXSUSJc
J PAUL GETTY TRUST,951790021,LOS ANGELES,CA,,(310) 440-6900,1200 Getty Center Dr, Los Angeles, CA 90049, USA,ChIJd2WyYwC9woARSdlIFsCTorg
ROBERT WOOD JOHNSON FOUNDATION,226029397,PRINCETON,NJ,http://www.rwjf.org/,(877) 843-7953,50 College Rd E, Princeton, NJ 08540, USA,ChIJPTT8vW_nw4kRfOISoXQlL9U
BLOOMBERG FAMILY FOUNDATION INC,205602483,NEW YORK,NY,http://www.bloomberg.org/,(212) 205-0100,25 E 78th St, New York, NY 10075, USA,ChIJSZYsNJRYwokRnFqKKNtMcmk
GORDON E AND BETTY I MOORE FOUNDATION,943397785,PALO ALTO,CA,https://www.moore.org/,(650) 213-3000,1661 Page Mill Rd, Palo Alto, CA 94304, USA,ChIJr3LUHL66j4ARGdU0-QdDXhQ
FOUNDATION TO PROMOTE OPEN SOCIETY,263753801,NEW YORK,NY,http://www.rockefellerfoundation.org/,(212) 869-8500,420 5th Ave, New York, NY 10018, USA,ChIJPQpvCKpZwokR0g6KlxDm9Ck
JOHN D & CATHERINE T MACARTHUR FOUNDATION,237093598,CHICAGO,IL,http://www.macfound.org/,(312) 726-8000,140 S Dearborn St #1200, Chicago, IL 60603, USA,ChIJP_NOo7wsDogRL91aD_zF8ng
W K KELLOGG FOUNDATION TRUST-T/A 5315,366030614,BATTLE CREEK,MI,http://www.wkkf.org/,(269) 968-1611,1 E Michigan Ave, Battle Creek, MI 49017, USA,ChIJO-NLYo7xF4gReYSTbZ4Dgu4
DAVID AND LUCILE PACKARD FOUNDATION,942278431,LOS ALTOS,CA,https://www.packard.org/,(650) 948-7658,343 2nd St, Los Altos, CA 94022, USA,ChIJFStHju-wj4AR6jbhZGMhbcU
ANDREW W MELLON FOUNDATION,131879954,NEW YORK,NY,http://www.mellon.org/,(212) 838-8400,140 E 62nd St, New York, NY 10065, USA,ChIJ39xFR-9YwokR_3WrWuMEPHw
MICHAEL & SUSAN DELL FOUNDATION,364336415,AUSTIN,TX,http://www.dell.org/,(512) 329-0799,4417 Westlake Dr, Austin, TX 78746, USA,ChIJqdUNLRk1W4YR7g6h2RDO7yc
CHAN ZUCKERBERG INITIATIVE FOUNDATION,455002209,PALO ALTO,CA,https://chanzuckerberg.com/,,1180 Main St, Redwood City, CA 94063, USA,ChIJmYOyOhi7j4ARL9vTt-7WqeU
CONRAD N HILTON FOUNDATION,943100217,WESTLAKE VLG,CA,https://www.hiltonfoundation.org/,(818) 851-3700,1 Dole Dr, Westlake Village, CA 91362, USA,ChIJBdv3og0k6IARvzRYRtJq7AU
PIVOTAL PHILANTHROPIES FOUNDATION,882918646,REDMOND,WA,http://philanthropynw.org/,(206) 443-8430,600 University St Ste 1725, Seattle, WA 98101, USA,ChIJI6Exe0wVkFQROFoK5fErfT8
LEONA M & HARRY B HELMSLEY CHARITABLE TRUST,137184401,NEW YORK,NY,http://helmsleytrust.org/,(212) 679-3600,230 Park Ave, New York, NY 10169, USA,ChIJQUen-f1YwokRuCpB9G2_7es
ROCKEFELLER FOUNDATION,131659629,NEW YORK,NY,http://www.rockefellerfoundation.org/,(212) 869-8500,420 5th Ave, New York, NY 10018, USA,ChIJPQpvCKpZwokR0g6KlxDm9Ck
WALTON FAMILY FOUNDATION INC,133441466,BENTONVILLE,AR,http://www.waltonfamilyfoundation.org/,(479) 464-1570,215 NW A St, Bentonville, AR 72712, USA,ChIJGeIbypkayYcReCsRUO1xEoQ
GOOD VENTURES FOUNDATION,461008520,PALO ALTO,CA,http://www.foundationcapital.com/,(650) 614-0500,550 High St, Palo Alto, CA 94301, USA,ChIJoymjrE-7j4AR6rqhfRkjJkI
OPEN SOCIETY INSTITUTE,137029285,NEW YORK,NY,https://www.openspaceinstitute.org/,(212) 290-8200,1370 Broadway 5th Floor, New York, NY 10018, USA,ChIJX7Pb4KtZwokR9oTWEQ_bwZ8
FIDELITY FOUNDATION,046131201,BOSTON,MA,https://www.fidelity.com/customer-service/branches/overview,(800) 343-3548,245 Summer St, Boston, MA 02210, USA,ChIJVVWVYX9644kRWh5kPXafBoI
VOLKSWAGEN-STIFTUNG,521690493,SALT LAKE CTY,UT,http://www.volkswagenstiftung.de/,0511 83810,Kastanienallee 35, 30519 Hannover-Döhren-Wülfel, Germany,ChIJ48hYtucKsEcR2nkI49fN6hU
ALICE L WALTON FOUNDATION,823700633,BENTONVILLE,AR,https://alwmedschool.org/,,1001 NE J St, Bentonville, AR 72712, USA,ChIJizQ-KdYbyYcRR1tMI2fVYrU
CARNEGIE CORPORATION OF NEW YORK,131628151,NEW YORK,NY,https://carnegie.org/,(212) 371-3200,437 Madison Ave #31, New York, NY 10022, USA,ChIJdxywQ_xYwokR3EcLJdyq2fw
SIMONS FOUNDATION INC,133794889,NEW YORK,NY,http://www.simonsfoundation.org/,(646) 654-0066,160 5th Ave, New York, NY 10010, USA,ChIJI8xvX6JZwokR26Ds5-hK8VU
KNIGHT FOUNDATION,911791788,BEAVERTON,OR,http://knightfoundation.org/,(305) 908-2600,2850 Tigertail Ave Ste 600, Miami, FL 33133, USA,ChIJ12_nj5222YgRo4ZuzQeTtnQ
THE CALIFORNIA ENDOWMENT,954523232,LOS ANGELES,CA,http://www.calendow.org/,(800) 449-4149,1000 Alameda St, Los Angeles, CA 90012, USA,ChIJ6ZROskTGwoARt90WXwInEhc
CARL VICTOR PAGE MEMORIAL FOUNDATION,201922957,PALO ALTO,CA,https://www.moore.org/,(650) 213-3000,1661 Page Mill Rd, Palo Alto, CA 94304, USA,ChIJr3LUHL66j4ARGdU0-QdDXhQ
CRANKSTART FOUNDATION,943377099,SAN JOSE,CA,http://crankstart.org/,,1660 Bush St, San Francisco, CA 94109, USA,ChIJ7W3wxr26j4ARlYX6jVjqSww
SERGEY BRIN FAMILY FOUNDATION,472107200,SAN FRANCISCO,CA,http://www.sff.org/,(415) 733-8500,1 Embarcadero Ctr, San Francisco, CA 94111, USA,ChIJ6UC5C2KAhYAROntXMG_Eiro
KRESGE FOUNDATION,381359217,TROY,MI,http://kresge.org/,(248) 643-9630,3215 W Big Beaver Rd, Troy, MI 48084, USA,ChIJa91c3evGJIgRxU5Us6L38lM
MOTHER CABRINI HEALTH FOUNDATION,830590263,NEW YORK,NY,http://www.cabrinihealth.org/,(646) 980-3001,777 3rd Ave 23rd floor, New York, NY 10017, USA,ChIJ7VURI1JZwokRBO3bXuSASmI
CHARLES STEWART MOTT FOUNDATION,381211227,FLINT,MI,https://www.mott.org/,,503 Saginaw St, Flint, MI 48502, USA,ChIJS4_HLheCI4gRz1N4h5L0Eoo
H&H EVERGREEN FOUNDATION,465066162,MENLO PARK,CA,http://hewlett.org/,(650) 234-4500,2121 Sand Hill Rd, Menlo Park, CA 94025, USA,ChIJeVCq7d6kj4ARVCfILXSUSJc
JOHN TEMPLETON FOUNDATION,621322826,WEST CONSHOHOCKEN,PA,http://www.templeton.org/,(610) 941-2828,300 Conshohocken State Rd #500, Conshohocken, PA 19428, USA,ChIJYzFsiE--xokR-F50M9Kqfhw
JACK JOSEPH AND MORTON MANDEL FOUNDATION,346546418,CLEVELAND,OH,http://www.mandelfoundation.org/,(216) 875-6539,1000 Lakeside Ave E, Cleveland, OH 44114, USA,ChIJR_O7unj6MIgR3ih9u544mBU
DUKE ENDOWMENT,560529965,CHARLOTTE,NC,http://dukeendowment.org/,(704) 376-0291,800 E Morehead St, Charlotte, NC 28202, USA,ChIJMaMPcyWgVogREkoLmbFpvcM
MOODY FOUNDATION,741403105,GALVESTON,TX,http://www.moodyf.org/,(409) 797-1500,2302 Postoffice St #704, Galveston, TX 77550, USA,ChIJta5562ueP4YRyS-8yRLJN2o
WILLIAM PENN FOUNDATION,231503488,PHILADELPHIA,PA,http://www.williampennfoundation.org/,(215) 988-1830,100 N 18th St, Philadelphia, PA 19103, USA,ChIJ8f4j0TPGxokRIWD7GHKzbDw
JAMES IRVINE FOUNDATION,941236937,SAN FRANCISCO,CA,http://irvine.org/,(415) 777-2244,One Bush Plaza, 1 Bush St #800, San Francisco, CA 94104, USA,ChIJp2UYiWKAhYARUXWCqVjM73A
FREEDOM TOGETHER FOUNDATION,900747216,NEW YORK,NY,,(212) 234-4926,231 W 142nd St, New York, NY 10030, USA,ChIJQ7Q6KXr2wokRTlBHplEUkGo
KOUM FAMILY FOUNDATION,475446562,PALO ALTO,CA,http://www.paloaltojcc.org/,(650) 223-8700,3921 Fabian Way, Palo Alto, CA 94303, USA,ChIJHVbpgxS6j4AR9YLHy_G1z6E
MARGARET A CARGILL FOUNDATION,371758406,EDEN PRAIRIE,MN,https://www.macphilanthropies.org/,(952) 540-4050,6889 Rowland Rd, Eden Prairie, MN 55344, USA,ChIJsRhSUAAh9ocRgk9idPLoe2o
SAROFIM FOUNDATION,372090276,HOUSTON,TX,https://www.memorialhermann.org/locations/texas-medical-center/about-us/sarofim-pavilion,(713) 704-1960,Cambridge St, Houston, TX 77030, USA,ChIJx-O2-HfAQIYR2qBzdHcoRas
SHELBY CULLOM DAVIS CHARITABLE FUND INC,203734688,WILMINGTON,DE,http://delcf.org/,(302) 571-8004,100 W 10th St #704, Wilmington, DE 19801, USA,ChIJLUUIZkD9xokROJ3W1Hivgro
GLENSTONE FOUNDATION,205938416,POTOMAC,MD,https://www.glenstone.org/,(301) 983-5001,12100 Glen Rd, Potomac, MD 20854, USA,ChIJE3Cn7KMztokRtix8EGmZLWE
THE COLORADO HEALTH FOUNDATION,742568941,DENVER,CO,https://coloradohealth.org/,(303) 953-3600,1780 Pennsylvania St, Denver, CO 80203, USA,ChIJg0ikWyl5bIcRhXGDS0tpqU4
WALTER SCOTT FAMILY FOUNDATION,471116371,OMAHA,NE,https://www.swscottfoundation.org/contact-us,(402) 502-1122,10340 N 84th St, Omaha, NE 68122, USA,ChIJx-h_OGaTk4cRD_I53syqVd0
WAVERLEY STREET FOUNDATION,813242506,PALO ALTO,CA,https://www.waverleysurgery.com/,(650) 285-6919,400 Forest Ave, Palo Alto, CA 94301, USA,ChIJ8ZVxADy7j4AReLXtYOSajLY
THE SUSAN THOMPSON BUFFETT FOUNDATION,476032365,OMAHA,NE,https://buffettscholarships.org/,(402) 943-1300,3555 Farnam St #222, Omaha, NE 68131, USA,ChIJ_dZammiOk4cRLC2NzNjjz_w
MCKNIGHT FOUNDATION,410754835,MINNEAPOLIS,MN,https://www.mcknight.org/,(612) 333-4220,921 Washington Ave S, Minneapolis, MN 55415, USA,ChIJVfHelmMts1IREOvLVNxaGLM
CASEY FAMILY PROGRAMS,910793881,SEATTLE,WA,https://www.casey.org/,(206) 282-7300,2001 8th Ave, Seattle, WA 98121, USA,ChIJXx4exD0VkFQRFJj56nSaohE
RICHARD KING MELLON FOUNDATION DTD 01-01-47,251127705,LIGONIER,PA,https://www.rkmf.org/,(412) 392-2800,The Auction House, 42 21st St Ste 201, Pittsburgh, PA 15222, USA,ChIJYa1uklnxNIgRwQ7QIsx3NDk
ASTERA INSTITUTE,845162617,BERKELEY,CA,https://astera.org/,,1351 Ocean Ave, Emeryville, CA 94608, USA,ChIJFxZcFQB_hYARpS6CLfNRntY
JOHN S AND JAMES L KNIGHT FOUNDATION INC,650464177,MIAMI,FL,http://knightfoundation.org/,(305) 908-2600,2850 Tigertail Ave Ste 600, Miami, FL 33133, USA,ChIJ12_nj5222YgRo4ZuzQeTtnQ
RIPPLEWORKS INC,465604812,SAN FRANCISCO,CA,https://www.rippleworks.org/,,889 Winslow St, Redwood City, CA 94063, USA,ChIJXZXQeRKjj4ARrUh4lJ9W2TQ
HOUSTON ENDOWMENT INC,746013920,HOUSTON,TX,http://www.houstonendowment.org/,(713) 238-8100,3683 Willia St, Houston, TX 77007, USA,ChIJa0oElDq_QIYRZi4egLKANuw
EWING MARION KAUFFMAN FOUNDATION,436064859,KANSAS CITY,MO,http://www.kauffman.org/,(816) 932-1000,4801 Rockhill Rd, Kansas City, MO 64110, USA,ChIJD9KpDZTvwIcRVaoC0AopdQw
ANNIE E CASEY FOUNDATION,521951681,BALTIMORE,MD,https://www.aecf.org/,(410) 547-6600,701 St Paul St, Baltimore, MD 21202, USA,ChIJgRBw3pkEyIkRaYUI8QmJJGY
CUMMINGS FOUNDATION INC,043073023,WOBURN,MA,https://www.cummingsfoundation.org/,(781) 938-8355,200 W Cummings Park, Woburn, MA 01801, USA,ChIJ8XlLBq9144kR_LDj7NRsh_I
DORIS DUKE CHARITABLE FOUNDATION INC,823691183,NEW YORK,NY,http://www.dorisduke.org/,(212) 974-7000,444 Madison Ave 10th floor, New York, NY 10022, USA,ChIJbSa2Y_pYwokRkJ13TLtJwiE
THE HEINZ ENDOWMENTS,251721100,PITTSBURGH,PA,http://www.heinz.org/,(412) 281-5777,625 Liberty Ave, Pittsburgh, PA 15222, USA,ChIJ5a71UVbxNIgRTa76PnAjU6g
CHARLES AND LYNN SCHUSTERMAN FAMILY FOUNDATION,731312965,TULSA,OK,https://www.schusterman.org/,(918) 879-0290,110 W 7th St, Tulsa, OK 74119, USA,ChIJ5ZehCHvrtocRzgg_9j6hgRA
ALFRED P SLOAN FOUNDATION,131623877,NEW YORK,NY,http://www.sloan.org/,(212) 649-1649,630 5th Ave #2200, New York, NY 10111, USA,ChIJNYsHqv5YwokRi1ucqZg5nR8
DOGWOOD HEALTH TRUST,830590696,ASHEVILLE,NC,http://www.dht.org/,(828) 771-6710,890 Hendersonville Rd, Asheville, NC 28803, USA,ChIJ5aBEikzzWYgRuhSFY2DzFfA
THE STEPHENS GRETH FOUNDATION,992739395,MIDLAND,TX,https://www.faskenfoundation.org/,(432) 683-5401,15 Smith Rd Ste 5008, Midland, TX 79705, USA,ChIJV7UsinzY-4YR3AjyOs5UIKU
THE SCHMIDT FAMILY FOUNDATION,204170342,PALO ALTO,CA,http://schmidtfamilyfoundation.org/,(561) 392-4717,201 Plaza Real #140, Boca Raton, FL 33432, USA,ChIJNUGFlxzi2IgRe_nrUCamfwI
M J MURDOCK CHARITABLE TRUST,237456468,VANCOUVER,WA,https://murdocktrust.org/,(360) 694-8415,655 W Columbia Way #700, Vancouver, WA 98660, USA,ChIJVzhxr7GolVQRqdtaQRGQpXc
INDIAN PAINTBRUSH FOUNDATION,541739160,WASHINGTON,DC,http://www.indianpaintbrush.art/,(214) 422-5060,Akathist House, Irving, TX 75061, USA,ChIJn2_qHvWDToYRiQzVtF8AWno
THE LEON LEVINE FOUNDATION,581427515,CHARLOTTE,NC,http://www.leonlevinefoundation.org/,(704) 817-6500,4600 Park Rd #500, Charlotte, NC 28209, USA,ChIJtR5FnmmeVogRWinnIErOKvE
BARR FOUNDATION,046579815,BOSTON,MA,http://www.barrfoundation.org/,(617) 854-3500,2 Atlantic Ave, Boston, MA 02110, USA,ChIJ5ysPy4lw44kRMyG3fENpaWU
HILLMAN FAMILY FOUNDATIONS,256065959,PITTSBURGH,PA,https://hillmanfamilyfoundations.org/,(412) 338-3466,310 Grant St #2020, Pittsburgh, PA 15219, USA,ChIJbUeFn1DxNIgR4W3Xsv6opw4
ROBERT W WOODRUFF FOUNDATION INC,581695425,ATLANTA,GA,https://woodruff.org/,(404) 522-6755,45 Edgewood Ave SE, Atlanta, GA 30303, USA,ChIJUZhzaoYD9YgRvIiR0c27jBs
ANSCHUTZ FOUNDATION,742316617,DENVER,CO,https://www.theanschutzfoundation.org/,(303) 308-8220,555 17th St Unit 960, Denver, CO 80202, USA,ChIJPW_VXNZ4bIcR8_9xTp-nz6o
BROAD FOUNDATION,954686318,LOS ANGELES,CA,http://www.broadfoundation.org/,,300 S Grand Ave, Los Angeles, CA 90071, USA,ChIJH5tDnu27woARvQg51QEZsuE
THE HARRY & JEANETTE WEINBERG FOUNDATION INC,526037034,OWINGS MILLS,MD,https://hjweinbergfoundation.org/,(410) 654-8500,7 Park Center Ct, Owings Mills, MD 21117, USA,ChIJrRCtSEIXyIkRPokd7VI-b7I
S & G FOUNDATION,364193183,ALBANY,NY,https://sgbasementwaterproofingalbanyny.com/,(518) 263-0706,194 Washington Ave, Albany, NY 12210, USA,ChIJswkRd-IL3okRa8rl-34cPu0
DRUCKENMILLER FOUNDATION,133735187,NEW YORK,NY,https://www.medalofphilanthropy.org/,(212) 371-3200,437 Madison Ave, New York, NY 10022, USA,ChIJmcQpFkxMwokRJze3gilvKeg
THE WALLACE FOUNDATION,136183757,NEW YORK,NY,http://www.wallacefoundation.org/,(212) 251-9700,140 Broadway 49th fl, New York, NY 10005, USA,ChIJoxV2461ZwokRg4fC0KhexM0
WYSS FOUNDATION,251823874,WASHINGTON,DC,http://wyssfoundation.org/,(970) 422-3260,679 E 2nd Ave, Durango, CO 81301, USA,ChIJhUWJTqACPIcRPOacR5ZJglQ
DALIO FOUNDATION INC,431965846,WESTPORT,CT,https://www.bridgewater.com/,(203) 226-3030,One Nyala Farms Rd, Westport, CT 06880, USA,ChIJ1ZnlKJgL6IkR9IXAZvPHfps
W M KECK FOUNDATION,956092354,LOS ANGELES,CA,https://www.wmkeck.org/,(213) 612-2000,515 Flower St, Los Angeles, CA 90071, USA,ChIJNyA_gLPHwoARyfWrOaRG8_U
DAVIS FAMILY FOUNDATION,010751429,HANOVER,MD,https://ddsfoundation.org/,(301) 961-4000,3 Bethesda Metro Center #118, Bethesda, MD 20814, USA,ChIJf2IBUnvJt4kR12vcbc1H9uU
THE ERIC AND WENDY SCHMIDT FUND FOR STRATEGIC INNOVATION,463460261,PALO ALTO,CA,http://schmidtmarine.org/,,101 The Embarcadero #118, San Francisco, CA 94105, USA,ChIJke1h2mWAhYARuerr0-z8h34
LUMINA FOUNDATION FOR EDUCATION INC,351813228,INDIANAPOLIS,IN,http://www.luminafoundation.org/,(317) 951-5300,820 Massachusetts Ave Ste 1390, Indianapolis, IN 46204, USA,ChIJ85yF9rxQa4gR3gj-JjnenRU
PATTERSON FAMILY FOUNDATION,376714807,KANSAS CITY,MO,https://pattersonfamilyfoundation.org/contact/,(833) 614-2450,300 Wyandotte St #301, Kansas City, MO 64105, USA,ChIJEX_q6rjvwIcRPRB2abk2mG0
THE ANNENBERG FOUNDATION,236257083,CONSHOHOCKEN,PA,http://www.annenbergfoundation.org/,(610) 341-9366,101 W Elm St #640, Conshohocken, PA 19428, USA,ChIJt5q-Cj-VxokRjrh76iiPTi4
RED GATES FOUNDATION,301201296,RICHMOND,VA,https://livered.org/,(804) 203-2777,8910 Patterson Ave, Richmond, VA 23229, USA,ChIJDbMIDzhrsYkRkZ69yvS9A9k
CY TWOMBLY FOUNDATION,202572529,NEW YORK,NY,http://www.hillartfoundation.org/,(212) 337-4455,239 10th Ave 3rd floor, New York, NY 10001, USA,ChIJncWBoyRZwokR55sMRqNUzBg
SHIMON BEN JOSEPH FOUNDATION,331114104,SAN FRANCISCO,CA,,(415) 395-5400,343 Sansome St #550, San Francisco, CA 94104, USA,ChIJXw_g2GGAhYARfVGZqb5MkTE
LUCAS MUSEUM OF NARRATIVE ART,455600818,LOS ANGELES,CA,https://www.lucasmuseum.org/,,One Lucas Plaza, Los Angeles, CA 90037, USA,ChIJtWGPN3HHwoARJghDHgUwpiE
RYAN FOUNDATION,363755606,GREENWOOD VLG,CO,http://www.ryanfoundation.com/,(817) 529-4220,1320 S University Dr #721, Fort Worth, TX 76107, USA,ChIJGzoRwM1zToYRGcXq2e27U3I
LONGWOOD GARDENS INC,510110625,KENNETT SQ,PA,https://longwoodgardens.org/,(610) 388-1000,1001 Longwood Rd, Kennett Square, PA 19348, USA,ChIJ2VBVVSVWxokR0GCj7N5QgPI
THE AHMANSON FOUNDATION,956089998,BEVERLY HILLS,CA,http://www.theahmansonfoundation.org/,(310) 278-0770,9215 Wilshire Blvd, Beverly Hills, CA 90210, USA,ChIJp6d091W5woARIdlorRpgbkw
BUSH FOUNDATION,416017815,ST PAUL,MN,http://www.bushfoundation.org/,(651) 227-0891,428 Minnesota St Ste 400, St Paul, MN 55101, USA,ChIJ983AWE7V94cRIJmlNvY_AXE
ARIE AND IDA CROWN MEMORIAL,366076088,CHICAGO,IL,https://crownfamilyphilanthropies.org/,(312) 750-6671,222 N La Salle Dr #2000, Chicago, IL 60601, USA,ChIJI9NMuLAsDogRZ1hsgzbmUvk
AVENIR FOUNDATION INC,841245939,LAKEWOOD,CO,,(808) 223-8455,12081 W Alameda Pkwy #463, Lakewood, CO 80228, USA,ChIJ2x45NuWDa4cRYRT9C6JsUlU
GOTTESMAN FUND,526061469,NEW YORK,NY,http://www.gottesman-company.com/,(212) 330-8010,200 E 71st St #11D, New York, NY 10021, USA,ChIJmTVoXupYwokR2-dDfHQ9BBY
ROCKEFELLER BROTHERS FUND INC,131760106,NEW YORK,NY,http://www.rbf.org/,(212) 812-4200,475 Riverside Dr #900, New York, NY 10115, USA,ChIJObtpQj_2wokRNsvzZVDQfYk
DANIELS FUND,841393308,DENVER,CO,http://danielsscholarsconnect.com/,(720) 941-4471,101 Monroe St, Denver, CO 80206, USA,ChIJby573Zt-bIcRsRJcvCcqniE
OTTO BREMER TRUST,416019050,SAINT PAUL,MN,http://www.ottobremer.org/,(651) 227-8036,30 E 7th St #2900, St Paul, MN 55101, USA,ChIJr_3n8U3V94cRuN8tGg9FYK4
PAULSON FAMILY FOUNDATION,263922995,WEST PALM BCH,FL,https://spjff.org/,,340 Royal Poinciana Way, Palm Beach, FL 33480, USA,ChIJi7NIbhbX2IgRVaAwV57pYh8
ALLEN FAMILY PHILANTHROPIES,943082532,SEATTLE,WA,https://www.marysplaceseattle.org/get-help/family-resource-center,(206) 584-2832,3190 Martin Luther King Jr Way S, Seattle, WA 98144, USA,ChIJ1bIH2TlrkFQRXkoQrt-_gqs
STARR FOUNDATION,136151545,NEW YORK,NY,http://starrfoundation.org/,(212) 909-3600,399 Park Ave, New York, NY 10022, USA,ChIJM86qRftYwokRStsc_VMe-sU
DIANA DAVIS SPENCER FOUNDATION,203672969,BETHESDA,MD,https://ddsfoundation.org/,(301) 961-4000,3 Bethesda Metro Center #118, Bethesda, MD 20814, USA,ChIJf2IBUnvJt4kR12vcbc1H9uU
JOYCE FOUNDATION,366079185,CHICAGO,IL,http://www.joycefdn.org/,(312) 782-2464,321 N Clark St Ste 1500, Chicago, IL 60654, USA,ChIJwwo9EbssDogR6z-x-WUO5sw
SKYLINE FOUNDATION,943380194,SAN FRANCISCO,CA,http://skylinefoundation.org.au/,1300 010 387,Our Community House, 552 Victoria St, North Melbourne VIC 3051, Australia,ChIJtzaeK-dC1moRTKG8b7jcWMA
ZOOM FOUNDATION,061600601,GREENWICH,CT,http://www.zoomfoundation.org/,(203) 989-9049,1210 Post Rd, Fairfield, CT 06824, USA,ChIJFXA8mRUQ6IkRf6iO1IUvvhg
SURDNA FOUNDATION INC,136108163,NEW YORK,NY,https://surdna.org/,(212) 557-0010,200 Madison Ave, New York, NY 10017, USA,ChIJTc-KuAFZwokRhevtkgav1nk
JPMORGAN CHASE FOUNDATION,237049738,NEW YORK,NY,https://www.jpmorganchase.com/,(212) 270-6000,270 Park Ave, New York, NY 10017, USA,ChIJFb0euP1YwokRa5_OdxLwrdw
CARL AND MARILYNN THOMA,465446388,DALLAS,TX,https://thomafoundation.org/,(214) 971-7770,1925 Cedar Springs Rd #205, Dallas, TX 75201, USA,ChIJ78zyEb2ZToYRl-P9hBE30z4
PETER G PETERSON FOUNDATION,260316905,NEW YORK,NY,http://www.pgpf.org/,(212) 542-9200,399 Park Ave 14th floor, New York, NY 10022, USA,ChIJyQqSXPpYwokRF13U1zZNjq4
BROWN FOUNDATION INC,746036466,HOUSTON,TX,http://www.brownfoundation.org/,(713) 523-6867,2217 Welch St #10, Houston, TX 77019, USA,ChIJyw6m4b_AQIYRuvzQqgwhg_s
FORD FAMILY FOUNDATION,936026156,ROSEBURG,OR,http://www.tfff.org/,(541) 957-5574,1600 NW Stewart Pkwy, Roseburg, OR 97471, USA,ChIJG2hq1bUixFQRn7gdFCEFwuY
GHR FOUNDATION,453996122,MINNEAPOLIS,MN,https://hardenberghfoundation.org/,(651) 653-4956,81 E 7th St #125, St Paul, MN 55101, USA,ChIJBXuancHZslIRpgReQ0kbbk0
STOLLER FOUNDATION,463119720,HOUSTON,TX,http://www.stollerfoundation.org/,(713) 461-5012,10750 Hammerly Blvd #200, Houston, TX 77043, USA,ChIJBf6YbjHbQIYRnwKuMROBiFM
HENRY LUCE FOUNDATION INC,136001282,NEW YORK,NY,http://www.hluce.org/,(212) 489-7700,41 Madison Ave 27th Floor, New York, NY 10010, USA,ChIJdaOT_qZZwokRgpR5owEVMR0
XIE FOUNDATION,271208110,SUNNYVALE,CA,http://www.siliconvalleycf.org/,(650) 450-5400,444 Castro St Ste 140, Mountain View, CA 94041, USA,ChIJMXwAPpiwj4AROUVEUDMZNPs
CONRAD PREBYS FOUNDATION,203216993,SAN DIEGO,CA,http://prebysfdn.org/,(619) 860-2100,1420 Kettner Blvd Suite 700, San Diego, CA 92101, USA,ChIJ__-_TqxU2YARGUh5-xJvkw0
THE SAMUEL ROBERTS NOBLE FOUNDATION,815328519,ARDMORE,OK,https://noblefoundation.org/,(580) 223-5810,Second Floor, 2510 Sam Noble Pkwy Bldg A, Ardmore, OK 73401, USA,ChIJ5e7BIyTWTIYR-ml8JIQkoxs
HALL FAMILY FOUNDATION,446006291,KANSAS CITY,MO,http://hallfamilyfoundation.org/,(816) 274-8516,2460 E Pershing Rd, Kansas City, MO 64108, USA,ChIJi1Np8xTwwIcRd4C_-MGBQFM
DENNIS R WASHINGTON FOUNDATION INC,363606913,MISSOULA,MT,https://www.umt.edu/education/,(406) 243-4911,Missoula, MT 59812, USA,ChIJ_R_1nIzNXVMRSSDyvWiJszI
APHORISM FOUNDATION,464347021,SAN FRANCISCO,CA,https://www.horizonsfoundation.org/,(415) 398-2333,155 Sansome St #650, San Francisco, CA 94104, USA,ChIJA5OA_YWAhYARBJM29hGjsuk
THE CALIFORNIA WELLNESS FOUNDATION,954292101,LOS ANGELES,CA,http://www.calwellness.org/,(818) 702-1900,515 Flower St #1100, Los Angeles, CA 90071, USA,ChIJAQAAAB2cwoARUy4LhXjJRnM
HAROLD ALFOND FOUNDATION,223281672,PORTLAND,ME,http://www.haroldalfondfoundation.org/,,Congress St, Portland, ME 04101, USA,ChIJr6fC-hScskwRPIJaNcb08gM
LONGWOOD FOUNDATION INC,510066734,WILMINGTON,DE,http://www.longwoodfoundation.com/,(302) 683-8200,100 W 10th St #1109, Wilmington, DE 19801, USA,ChIJLUUIZkD9xokRAWMvPkSnUhE
AHIMSA FOUNDATION,852700743,NIWOT,CO,https://ahimsaservices.net/,(720) 691-9668,357 McCaslin Blvd #200, Louisville, CO 80027, USA,ChIJ_YezIKLza4cRYUOVR9lNLUk
NEW BRUNSWICK DEVELOPMENT CORPORATION,222104766,NEW BRUNSWICK,NJ,http://devco.org/,(732) 249-2220,Tower 1, 120 Albany St Ste B, New Brunswick, NJ 08901, USA,ChIJC43uOFHGw4kR_6xtxwSeH5w
LYNDE AND HARRY BRADLEY FOUNDATION INC,396037928,MILWAUKEE,WI,http://www.bradleyfdn.org/,(414) 291-9915,1400 N Water St Suite 300, Milwaukee, WI 53202, USA,ChIJiQA5AQMZBYgRwT1Xvu_jxxE
EAGLE FOUNDATION,470773892,OMAHA,NE,https://eagles.org/,(865) 429-0157,510 Kodak Rd, Kodak, TN 37764, USA,ChIJHZm06wkJXIgRCfB3-cFDhTE
GENE HAAS FOUNDATION,954724825,OXNARD,CA,https://ghaasfoundation.org/,(805) 278-8520,2800 Sturgis Rd, Oxnard, CA 93030, USA,ChIJD8dL_FJJ6IARwh7_ITalGX0
SHERWOOD FOUNDATION,470824755,OMAHA,NE,https://www.sherwoodfoundation.org/,(402) 341-1717,808 Conagra Dr Ste 200, Omaha, NE 68102, USA,ChIJ_dZammiOk4cRzqN7Fy87Buk
JAMES M COX FOUNDATION OF GA INC,586032469,ATLANTA,GA,https://www.coxenterprises.com/,(678) 645-0000,6205-B Peachtree Dunwoody Rd NE, Atlanta, GA 30328, USA,ChIJq_dTblIJ9YgRcWE5O9mwFVk
COMMUNITY FINANCE CORPORATION,860683138,TUCSON,AZ,https://www.communityfinancecorp.org/contact-us/,(520) 623-3377 ext. 122,333 N Wilmot Rd, Tucson, AZ 85711, USA,ChIJ__8vHKFv1oYR52cP_vk4ink
GEORGE S ECCLES AND DELORES DORE ECCLES FOUNDATION,876118245,SALT LAKE CTY,UT,http://gsecclesfoundation.org/,(801) 246-5340,79 S Main St #1400, Salt Lake City, UT 84111, USA,ChIJ_-IMMw_1UocRrtl7knD0VuU
PIVOTAL PHILANTHROPIES OPPORTUNITY FOUNDATION,934378098,REDMOND,WA,http://www.opportunityfound.org/,(541) 548-2611,835 OR-126, Redmond, OR 97756, USA,ChIJ4a5qy88qv1QROtr91A-aVVg
PIVOTAL PHILANTHROPIES MOMENTUM FOUNDATION,934400793,REDMOND,WA,https://pivotalbuild.com/,(425) 728-0261,8201 164th Ave NE, Redmond, WA 98052, USA,ChIJTzKfQ_RzkFQRkRpdaa7hh94
CYRUS TANG FOUNDATION,880361180,LAS VEGAS,NV,http://cyrustangfoundation.org/,,8960 Spanish Ridge Ave, Las Vegas, NV 89148, USA,ChIJBW5iRJy4yIARFZlOgRn6n1E
WILLIAM RANDOLPH HEARST FOUNDATION,136019226,NEW YORK,NY,http://www.hearstfdn.org/,(212) 649-2000,300 W 57th St #26, New York, NY 10019, USA,ChIJf_YWclhYwokRP5wslXwdViw
JACK KENT COOKE FOUNDATION,541896244,LANSDOWNE,VA,http://jkcf.org/,(703) 723-8000,44325 Woodridge Pkwy, Lansdowne, VA 20176, USA,ChIJI5yFsgs8tokRIuumpA08GFI
LILIUOKALANI TRUST,990078890,HONOLULU,HI,http://onipaa.org/,(808) 203-6150,1100 Alakea St #1100, Honolulu, HI 96813, USA,ChIJKS6zBHVuAHwRRHSLFp3r_yc
RAINWATER CHARITABLE FOUNDATION,800870036,FORT WORTH,TX,http://northtexascf.org/,(817) 877-0702,777 Main St Ste 2850, Fort Worth, TX 76102, USA,ChIJuVB2KEBxToYRRkVlMY7ER9M
THE BILL GATTON FOUNDATION,621266284,BRISTOL,TN,https://www.etsu.edu/pharmacy/,(423) 439-6300,Maple Ave, Mountain Home, TN 37684, USA,ChIJCwDzFc98WogRPjBedvNztFk
COMMONWEALTH FUND,131635260,NEW YORK,NY,http://www.commonwealthfund.org/,(212) 606-3800,1 E 75th St, New York, NY 10021, USA,ChIJv35cgpRYwokRknjwnk9b_b0
OVERDECK FAMILY FOUNDATION,264377643,NEW YORK,NY,http://www.philanthropynewyork.org/,(212) 714-0699,320 E 43rd St, New York, NY 10017, USA,ChIJZ5cLz05ZwokRd4Ffw75i0kk
PACKARD HUMANITIES INSTITUTE,943038401,LOS ALTOS,CA,,(650) 948-0150,300 2nd St, Los Altos, CA 94022, USA,ChIJ_ZkQneWwj4ARQ8KwGUKe8G8
HORIZON HOUSING FOUNDATION,742979359,SAINT LOUIS,MO,http://www.horizonhousingonline.org/,(314) 269-0809,23 N Gore Ave, St. Louis, MO 63119, USA,ChIJG03Wir7K2IcR2gPhFACLA7Q
WEINGART FOUNDATION,956054814,LOS ANGELES,CA,http://weingartfnd.org/,(213) 688-7799,700 Flower St #1900, Los Angeles, CA 90017, USA,ChIJzWyXZrDHwoARfTuHeV3XfJg
ART BRIDGES INC,810842855,BENTONVILLE,AR,http://www.artbridgesfoundation.org/,,850 Museum Way, Bentonville, AR 72712, USA,ChIJl0wq7TobyYcRnxvbkzHFQf4
MEYER MEMORIAL TRUST,930806316,PORTLAND,OR,http://www.mmt.org/,(503) 228-5512,2045 N Vancouver Ave, Portland, OR 97227, USA,ChIJ8zRjXv8JlVQR1fahpUTKSz0
THE CENTURION FOUNDATION INC,582235068,ATLANTA,GA,http://thecenturions.com/,(520) 795-1071,5049 E Broadway Blvd Ste 135, Tucson, AZ 85711, USA,ChIJVVVVnEdu1oYRGne7zVKZvG4
THE RALPH C WILSON JR FOUNDATION,450921232,DETROIT,MI,https://www.ralphcwilsonjrfoundation.org/,(313) 885-1895,3101 E Grand Blvd Ste 200, Detroit, MI 48202, USA,ChIJh0RXaJvSJIgRDDltMGDyE1s
ENDLESS SUCCESS FOUNDATION INC,472791355,INDIANAPOLIS,IN,http://www.christelhouse.org/,(317) 464-2030,2960 N Meridian St Ste 170, Indianapolis, IN 46208, USA,ChIJU6e1ArxQa4gRGGa2z-ceg3w
SOBRATO FAMILY FOUNDATION,770348912,MOUNTAIN VIEW,CA,http://sobrato.com/,(650) 876-7010,599 Castro St 4th floor, Mountain View, CA 94041, USA,ChIJV1s56zK3j4ARUxG5l_caS5Y
BETTY WOLD JOHNSON FOUNDATION,834428102,WEST PALM BCH,FL,http://www.jsf.bz/,(561) 659-2005,1 N Clematis St Ste. 307, West Palm Beach, FL 33401, USA,ChIJBXdtrIvW2IgRJ1xqYmDDyXo
WILLIAM AND BARBARA MARTIN FOUNDATION,932687518,LOS ANGELES,CA,https://www.weismanfoundation.org/,(310) 867-5772,265 N Carolwood Dr, Los Angeles, CA 90077, USA,ChIJg8Xpaiq9woARPFc05GErkVI
BURROUGHS WELLCOME FUND,237225395,RTP,NC,http://www.bwfund.org/,(919) 991-5100,21 T.W. Alexander Drive, Research Triangle Park, NC 27709, Durham, NC 27703, USA,ChIJt7h96lPlrIkRrA0c6gor9dY
SKOLL FOUNDATION,113659133,SAN FRANCISCO,CA,https://skoll.org/,(650) 331-1031,250 University Ave Ste 200, Palo Alto, CA 94301, USA,ChIJ6fl56Tm7j4ARbvI_fbye-7U
RASMUSON FOUNDATION,916340739,ANCHORAGE,AK,http://www.rasmuson.org/,(907) 297-2700,301 W Northern Lights Blvd #601, Anchorage, AK 99503, USA,ChIJEw9afs-XyFYRKIYsRJJKEeU
ROBERT B DAUGHERTY FOUNDATION,363766006,OMAHA,NE,http://www.daughertyfdn.org/,(402) 933-4663,15000 Valmont Plz Ste 202, Omaha, NE 68154, USA,ChIJJWtNKxPyk4cRIsm9OTbXGfs
THE ROBERT D AND PATRICIA E KERN FAMILY FOUNDATION INC,391923558,WAUKESHA,WI,http://www.kffdn.org/,(262) 968-6838,W305S4239 Brookhill Rd, Waukesha, WI 53189, USA,ChIJu5v69aOoBYgRUFql3NJWcOQ
JOHN E FETZER INSTITUTE INC,386052788,KALAMAZOO,MI,http://www.fetzer.org/,(269) 375-2000,9292 W KL Ave, Kalamazoo, MI 49009, USA,ChIJtYYFRFFwF4gR1n47XDKKW6Q
HORACE W GOLDSMITH FOUNDATION,136107758,NEW YORK,NY,http://www.hfg.org/,(646) 428-0971,120 W 45th St, New York, NY 10036, USA,ChIJ7RegYvlYwokRZ92Z433rnUw
ED RACHAL FOUNDATION,741116595,CORP CHRISTI,TX,http://www.edrachal.org/,(361) 881-9040,555 N Carancahua St #700, Corpus Christi, TX 78401, USA,ChIJixsG5fReaIYRnlNtdq_nO9c
THE HEISING-SIMONS FOUNDATION,260799587,LOS ALTOS,CA,https://www.hsfoundation.org/,(650) 887-0277,400 Main St Ste 200, Los Altos, CA 94022, USA,ChIJbbgGJ_Cwj4ARXWXumrlzmW0
LINCOLN INSTITUTE OF LAND POLICY,866021106,PHOENIX,AZ,https://www.lincolninst.edu/,(602) 393-4300,11010 N Tatum Blvd Suite D-101, Phoenix, AZ 85028, USA,ChIJeaEL2oRzK4cR_8TPK_T92zY
J E AND L E MABEE FOUNDATION INC,736090162,MIDLAND,TX,https://mabeefoundation.com/,(432) 848-4260,6 Desta Dr Suite 5400, Midland, TX 79705, USA,ChIJRRpkgbzY-4YRfG7OH2SlIOs
JEROME L GREENE FOUNDATION INC,132960852,NEW YORK,NY,http://jlgreene.org/,(212) 688-1550,146 Central Prk W #1e, New York, NY 10023, USA,ChIJ7StcJYxYwokRFaaChxxH7To
BROAD ART FOUNDATION,954664939,LOS ANGELES,CA,https://www.thebroad.org/,(213) 232-6200,221 S Grand Ave, Los Angeles, CA 90012, USA,ChIJXaYsEk3GwoARvx7RKBUE8Zg
ARNOLD AND MABEL BECKMAN FOUNDATION,953169713,IRVINE,CA,http://www.beckman-foundation.org/,(949) 531-0400,100 Academy Wy, Irvine, CA 92617, USA,ChIJVfhuWhXe3IARDMu_NNkwtQg
LARRY H MILLER & GAIL MILLER FAMILY FOUNDATION,510641922,SANDY,UT,https://ymcautah.org/,(801) 466-6299,575 Lockwood Dr, Ogden, UT 84404, USA,ChIJwVwtAW4MU4cRUFZeQwlmlT4
CRAWFORD TAYLOR FOUNDATION,431790817,SAINT LOUIS,MO,https://www.crawfordtaylorfoundation.org/,(314) 512-4283,600 Corporate Park Dr, St. Louis, MO 63105, USA,ChIJqYfw6i_L2IcRiE3fdg-FTc4
DEAN & BARBARA WHITE FAMILY FOUNDATION INC,352015808,MERRILLVILLE,IN,http://www.dbwfamilyfoundation.org/,(219) 680-1304,701 E 83rd Ave, Merrillville, IN 46410, USA,ChIJfUkIfZrvEYgRdaq1eAqNCts
H E BUTT FOUNDATION,741239819,KERRVILLE,TX,http://hebfdn.org/,(830) 315-9200,719 Earl Garrett St, Kerrville, TX 78028, USA,ChIJizO0rd_iW4YRuCYDAw7MpJQ
JESUS FUND,861108441,LITTLE ROCK,AR,http://www.methodistfoundationar.org/,(501) 664-8632,601 Wellington Village Rd, Little Rock, AR 72211, USA,ChIJQz1uuVuh0ocRup_ZdM7LYR0
KIMBELL ART FOUNDATION,756036226,FORT WORTH,TX,https://kimbellart.org/,(817) 332-8451,3333 Camp Bowie Blvd, Fort Worth, TX 76107, USA,ChIJB_3ggMJzToYREMUp1SYmeWQ
CHARLES KOCH FOUNDATION,480918408,ARLINGTON,VA,https://www.charleskochfoundation.org/,(703) 875-1770,1320 N Courthouse Rd Ste 500, Arlington, VA 22201, USA,ChIJESOk32G2t4kRvQno8P9MNJk
JOHN BULOW CAMPBELL FOUNDATION,580566149,ATLANTA,GA,http://jbcf.org/,(404) 658-9066,4401 Northside Pkwy NW Suite 950, Atlanta, GA 30327, USA,ChIJJZRnSBcQ9YgRwVHE_bufKKM
BAINUM FAMILY FOUNDATION,237000192,WASHINGTON,DC,http://bainumfdn.org/,(240) 450-0000,1401 H St NW Ste 650, Washington, DC 20005, USA,ChIJaVlNxY7Ft4kRdwrQhQ9Xj8g
PUFFIN BAY FOUNDATION,991989779,BIDDEFORD,ME,http://www.puffinfoundation.org/,(201) 836-3400,20 Puffin Way, Teaneck, NJ 07666, USA,ChIJpaTJhkv3wokRCkSxqPXOd3o
C D SPANGLER FOUNDATION INC,566061548,CHARLOTTE,NC,,(704) 372-4500,1110 E Morehead St, Charlotte, NC 28204, USA,ChIJpyEXoo-fVogRxAGkwk19CBQ
POSES FAMILY FOUNDATION,206375470,FLORHAM PARK,NJ,http://cfnj.org/,(973) 267-5533,35 Knox Hill Rd, Morristown, NJ 07960, USA,ChIJaSgE406hw4kRo4fazfMUwB4
ENDEAVOUR LEGACY FOUNDATION,831934407,RICHMOND,VA,http://www.cfrichmond.org/,(804) 330-7400,3409 W Moore St, Richmond, VA 23230, USA,ChIJTeL42OgSsYkRYW4tT-62WYE
JOHN H AND REGINA K SCULLY FOUNDATION,462014396,SAN RAFAEL,CA,http://www.youthinarts.org/,(415) 457-4878,917 C St, San Rafael, CA 94901, USA,ChIJm8oTZPqZhYARNm7PaIvxSmI
HAPLOTACE FOUNDATION,631182139,BIRMINGHAM,AL,https://fulllifeahead.org/,(205) 541-8891,2716 Commerce Square E, Birmingham, AL 35210, USA,ChIJsY1dwLUbiYgRTAJhmoESYLc
AMGEN SAFETY NET FOUNDATION,223850021,THOUSAND OAKS,CA,http://amgen.com/,(805) 447-1000,1 Amgen Center Dr, Thousand Oaks, CA 91320, USA,ChIJv5tFWZow6IARRLo7yVYgWYM
JOHN A HARTFORD FOUNDATION,131667057,NEW YORK,NY,http://johnahartford.org/,(212) 832-7788,55 E 59th St 16th Floor, New York, NY 10022, USA,ChIJubjX_u9YwokR0RzZT1DiXZo
HOWARD G BUFFETT FOUNDATION,470824756,DECATUR,IL,https://www.thehowardgbuffettfoundation.org/,(217) 420-5140,145 N Merchant St #1, Decatur, IL 62523, USA,ChIJq4RhHjqwdIgRjnKh-Lj52Dg
MEADOWS FOUNDATION INCORPORATED,756015322,DALLAS,TX,https://www.mfi.org/,(214) 826-9431,3003 Swiss Ave, Dallas, TX 75204, USA,ChIJ9dJco9uYToYRcxTbmX99Ko8
JOSEPH B WHITEHEAD FOUNDATION,586001954,ATLANTA,GA,http://jbwhitehead.org/contact/,(404) 522-6755,Peachtree Tower, 191 Peachtree St, Atlanta, GA 30303, USA,ChIJ--JXbXgE9YgRIJ1wrV74lOc
KLARMAN FAMILY FOUNDATION,043105768,BOSTON,MA,https://www.hbs.edu/about/campus-and-culture/campus-built-on-philanthropy/klarman-hall,(617) 495-6000,Soldiers Fld Rd, Boston, MA 02163, USA,ChIJdepUjER344kRTxHme5oZVmI
SHUBERT FOUNDATION INC,136106961,NEW YORK,NY,https://www.shubertfoundation.org/contact,(212) 944-3777,234 W 44th St, New York, NY 10036, USA,ChIJszpFjFRYwokRZKx0OTR1O60
DAN L DUNCAN FAMILY FOUNDATION,200265572,HOUSTON,TX,http://www.mdanderson.org/,(713) 745-3658,1155 Pressler St, Houston, TX 77030, USA,ChIJ-QiiBXPAQIYRvGg-k4GN6Xg
PERENCHIO FOUNDATION,450607892,PASADENA,CA,http://www.pasadenacf.org/,(626) 796-2097,301 E Colorado Blvd #810, Pasadena, CA 91101, USA,ChIJlbni0bFK4BQRHGDSv9eNADk
ANNENBERG FOUNDATION TRUST AT SUNNYLANDS,256774871,RANCHO MIRAGE,CA,https://sunnylands.org/,(760) 202-2222,37977 Bob Hope Dr, Rancho Mirage, CA 92270, USA,ChIJXR8og_P92oARShEE9skvUPA
MANTON FOUNDATION,133636372,NEW YORK,NY,http://www.nyf.org/,(212) 594-8009,150 W 30th St, New York, NY 10001, USA,ChIJaXQRs6lZwokRoMNSShSS4xk
FLATLEY FOUNDATION,042763837,BRAINTREE,MA,http://www.flatleyco.com/,(781) 848-2000,45 Braintree Hill Office Pk #300, Braintree, MA 02184, USA,ChIJq2vnihh944kR28RsWQtpgSE
GOLDMAN SACHS FOUNDATION,311678646,NEW YORK,NY,http://www.goldmansachs.com/,(212) 902-1000,200 West St, New York, NY 10282, USA,ChIJz_oecoJZwokRxMoWTr5V-zY
THE MA-RAN FOUNDATION,586263945,ATLANTA,GA,https://www.rowenlife.com/,,279 W Crogan St, Lawrenceville, GA 30046, USA,ChIJw_CiXFW_9YgRVYWgtCF2gRI
SHERMAN FAIRCHILD FOUNDATION INC,131951698,CHEVY CHASE,MD,,(301) 913-5990,5454 Wisconsin Ave, Chevy Chase, MD 20815, USA,ChIJhU77lZDJt4kR734fVrw_kDU
PINKERTON FOUNDATION,136206624,NEW YORK,NY,http://thepinkertonfoundation.org/,(212) 332-3385,610 5th Ave #316, New York, NY 10020, USA,ChIJNYsHqv5YwokRDKBGcAHuyQU
HOLLYHOCK FOUNDATION INC,542091336,NEW YORK,NY,http://www.dorisduke.org/,(212) 974-7000,444 Madison Ave 10th floor, New York, NY 10022, USA,ChIJbSa2Y_pYwokRkJ13TLtJwiE
AURORA FOUNDATION,367634806,WILMINGTON,DE,http://www.aurorafoundation.com.au/,(02) 9310 8400,10 James St, Waterloo NSW 2017, Australia,ChIJJY9kRMWxEmsR933K7oxREEk
SUSQUEHANNA FOUNDATION,232732477,BALA CYNWYD,PA,https://www.sig.com/,(610) 617-2600,401 City Ave Ste 220, Bala Cynwyd, PA 19004, USA,ChIJcWh7OJ24xokRFjdM5BnKO2I
ENGELSTAD FAM FOUNDATION,806008137,LAS VEGAS,NV,https://engelstadfoundation.com/esf/,,11105 W Flamingo Rd, Las Vegas, NV 89135, USA,ChIJDxgmwX6_yIAR29odHSVARpM
REES-JONES FOUNDATION,205132900,DALLAS,TX,https://www.rees-jonesfoundation.org/,(214) 751-2977,8111 Westchester Dr #950, Dallas, TX 75225, USA,ChIJeW_vDUOeToYRNCFpYqHxgOM
CALL TO ACTION FOUNDATION,882726669,SALT LAKE CTY,UT,https://www.utahca.org/,(801) 359-2444,1307 S 900 W, Salt Lake City, UT 84104, USA,ChIJw5n90sT0UocROXh_VmjApus
SPENCER FOUNDATION,366078558,CHICAGO,IL,https://www.spencer.org/,(312) 337-7000,625 N Michigan Ave #1600, Chicago, IL 60611, USA,ChIJv6X3gqwsDogRTwxRp0-byJs
RIVIAN FOUNDATION,873878063,IRVINE,CA,http://rivian.com/?utm_medium=local-listing&utm_source=extnet&utm_campaign=yext&utm_content=OFFICE20,(888) 748-4261,14600 Myford Rd, Irvine, CA 92606, USA,ChIJxTm-OGPd3IARrWdVJRbh6g0
MARION AND HENRY BLOCH FAMILY FOUNDATION,454047901,KANSAS CITY,MO,http://blochfamilyfoundation.org/,(816) 854-4363,4801 Main St Ste 400, Kansas City, MO 64112, USA,ChIJq6qq6ljwwIcRf-Ir5ZxyWuY
FREEDOM FORUM INC,541604427,WASHINGTON,DC,http://www.freedomforum.org/,(202) 292-6100,610 Water St SW, Washington, DC 20024, USA,ChIJh6P0dIW3t4kRiSztSmHVhSg
A GOOD NAME FOUNDATION INC,581375066,ATLANTA,GA,http://agfoundationllc.wixsite.com/home,(678) 820-9258,1678 Ezra Church Dr NW, Atlanta, GA 30314, USA,ChIJxRj65VUb9YgRyeqkuAIbmO4
HERBERT H & GRACE A DOW FOUNDATION,381437485,MIDLAND,MI,https://hhgadowfdn.org/,(989) 631-2471,1018 W Main St, Midland, MI 48640, USA,ChIJDbathzvVI4gRVFn69BykmHQ
KENNETH RAININ FOUNDATION,943289283,OAKLAND,CA,https://krfoundation.org/,(510) 625-5200,155 Grand Ave #1000, Oakland, CA 94612, USA,ChIJ9bYRXk2Hj4ARA_s7MdlwCj0
MORRIS AND GWENDOLYN CAFRITZ FOUNDATION,526036989,WASHINGTON,DC,http://www.cafritzfoundation.org/,(202) 223-3100,1825 K St NW #600, Washington, DC 20006, USA,ChIJReJ2bLe3t4kRaoYawhGSBXU
HOWARD GILMAN FOUNDATION INC,133097486,NEW YORK,NY,http://howardgilmanfoundation.org/,(212) 408-0400,24 W 40th St 8th floor, New York, NY 10018, USA,ChIJG8pK6v5YwokR7Ot1CUehTRQ
HELLMAN FOUNDATION,611583546,SAN FRANCISCO,CA,http://www.hellmanfoundation.org/contact-us.html,(415) 837-5408,595 Market St #820, San Francisco, CA 94105, USA,ChIJlSdb4_CAhYAR8d6GLQVmVd0
TERRA FOUNDATION FOR AMERICAN ART,362999442,CHICAGO,IL,http://www.terraamericanart.org/,(312) 664-3939,120 E Erie St, Chicago, IL 60611, USA,ChIJk0Umfvp0XUARepLd3bT1Rbg
ROBERT A WELCH FOUNDATION 062491,760343128,HOUSTON,TX,https://welch1.org/,,1717 W Loop S #1661, Houston, TX 77027, USA,ChIJZxONCJjBQIYRmlAAhu5z4M8
ESSEX AVENUE FOUNDATION,851891431,WILMINGTON,DE,http://www.kffde.org/,(302) 319-4665,501 S Walnut St, Wilmington, DE 19801, USA,ChIJ95G6IWH9xokRhFtfgvIpvOM
NEGAUNEE FOUNDATION LTD,363555046,NORTHBROOK,IL,https://www.chicagobotanic.org/research,,1000 Lake Cook Rd, Glencoe, IL 60022, USA,ChIJG8v8Bx7BD4gRm4huEp-qaTM
THE GRANTHAM FOUNDATION FOR THE PROTECTION OF THE ENVIRONMENT,046856456,BOSTON,MA,http://www.granthamfoundation.org/,(617) 453-8432,40 Rowes Wharf, Boston, MA 02110, USA,ChIJ6QT5Xodw44kR8f-Xs5em_zo
ROOTS AND WINGS FOUNDATION INC,320581904,SEATTLE,WA,http://www.fromrootstowings.com/,(206) 246-7544,306 SW 146th St, Burien, WA 98166, USA,ChIJ2f-GoH1DkFQRPJXtiS0_P0c
THE INVISIBLE HAND FOUNDATION,461550110,MIAMI,FL,http://www.miamifoundation.org/,(305) 371-2711,40 NW 3rd St #305, Miami, FL 33128, USA,ChIJ12_nj5222YgRotjoH8ZPJ7Y
WYNCOTE FOUNDATION,263535044,PHILADELPHIA,PA,http://www.wyncotefoundation.org/,(215) 557-9577,1717 Arch St, Philadelphia, PA 19103, USA,ChIJR-q2LDLGxokRSk3UJwhwkdY
KAVLI FOUNDATION,770560142,LOS ANGELES,CA,http://www.kavlifoundation.org/,(424) 353-8800,5715 Mesmer Ave, Los Angeles, CA 90230, USA,ChIJ9UvpMQ9M6IARjYtuTmbdbPw
PUBLIC WELFARE FOUNDATION INC,540597601,WASHINGTON,DC,https://www.publicwelfare.org/,(202) 965-1800,1200 U St NW #3, Washington, DC 20009, USA,ChIJyRhxDea3t4kRav99pGGEdLw
J A & KATHRYN ALBERTSON FOUNDATION INC,826012000,BOISE,ID,http://www.jkaf.org/,(208) 424-2600,501 Baybrook Ct, Boise, ID 83706, USA,ChIJ6fsitkz4rlQRTcZWW05PNW4
HEARTLAND WHOLE HEALTH INSTITUTE,834022137,BENTONVILLE,AR,https://heartlandwholehealth.org/,,850 Museum Way, Bentonville, AR 72712, USA,ChIJ856vlJwbyYcRxVA1jmuunFA
CATENA FOUNDATION,813783868,CARBONDALE,CO,http://www.carbondale.com/,(970) 963-1890,520 S 3rd St #3, Carbondale, CO 81623, USA,ChIJKVGHQN2rQYcRYSvS3wXYIJE
ANNE WOJCICKI FOUNDATION,471835703,LOS ALTOS,CA,http://www.pamf.org/losaltos/?medium=local&source=google_plus-local&campaign=local-Los-Altos-PAMF151,(650) 254-5200,370 Distel Cir, Los Altos, CA 94022, USA,ChIJe5wrk72wj4ARySBeYnWOsgY
SUE & EDGAR WACHENHEIM FOUNDATION,237011002,PURCHASE,NY,https://purchasehouse.com/,(914) 949-2636,3095 Purchase St, Purchase, NY 10577, USA,ChIJHwwDLUWWwokRP_9Ll0cvA0s
CIRCLE OF SERVICE FOUNDATION,364185939,CHICAGO,IL,https://www.cosfoundation.org/,(312) 897-1111,150 N Riverside Plaza Ste 2200, Chicago, IL 60606, USA,ChIJNz_5ubgsDogRmwN72GqIg_4
HENRY T NICHOLAS III FOUNDATION,207201390,ALISO VIEJO,CA,https://nicholas-endowment.org/,(949) 338-9611,5319 University Dr, Irvine, CA 92612, USA,ChIJAQAHSZTd3IARJRad9Z6BdJU
SARAH SCAIFE FOUNDATION INC,251113452,PITTSBURGH,PA,http://www.scaife.com/sarah.html,(412) 392-2900,1 Oxford Ctr, Pittsburgh, PA 15219, USA,ChIJUSLTHFOKNIgR-82vRdhttuE
LEON AND TOBY COOPERMAN FAMILY FOUNDATION,133102941,BOCA RATON,FL,https://ralesjfs.org/our-services/family-and-children/#cooper,(561) 852-3333,95th Ave S, Boca Raton, FL 33428, USA,ChIJGwrChfwb2YgRU234l25nICU
CHARLES AND MARGERY BARANCIK FOUNDATION,363442474,SARASOTA,FL,https://www.gulfcoastcf.org/,(941) 486-4600,601 S Tamiami Trl, Venice, FL 34285, USA,ChIJoyYELrhbw4gRMWPsb3TfG-I
SHRAMAN SOUTH ASIAN MUSEUM AND LEARNING CENTER FOUNDATION,460715559,DALLAS,TX,http://shraman.org/contact-impact,(214) 593-0512,2700 W Plano Pkwy, Plano, TX 75075, USA,ChIJq6pqu8MgTIYR3PVmkWw5bos
GROSS FAMILY CHARITABLE FOUNDATION,822674631,LAGUNA BEACH,CA,https://georgehoagfamilyfoundation.org/,(310) 664-1358,Suite 220, 2665 Main St #220, Santa Monica, CA 90405, USA,ChIJpyOvpNO6woARNKvrn8I8qCM
CLIF BAR FAMILY FOUNDATION,204345935,SAINT HELENA,CA,http://www.clifbarfamilyfoundation.org/Contact-Us,(510) 596-6383,1451 66th St, Emeryville, CA 94608, USA,ChIJNVGRPF9-hYARHh6vca3Tcic
JANE AND DANIEL OCH FAMILY FOUNDATION,263791338,GREENWICH,CT,https://www.brantfoundation.org/,(203) 869-0611,941 North Street, Greenwich, CT 06831, USA,ChIJE2HiUlqjwokRB7SytosXL5A
SIEGEL FAMILY ENDOWMENT INC,451742989,NEW YORK,NY,http://siegelendowment.org/,,100 6th Ave 16th floor, New York, NY 10013, USA,ChIJq6o6Y4tZwokRYKKsvsWmItc
EDWARD C JOHNSON FUND,046108344,BOSTON,MA,http://johnsonfund.org/contact/,(617) 748-5107,75 Federal St #1300, Boston, MA 02110, USA,ChIJG9Zcz4Nw44kRkHy2MPaY7NE
COLLEGE FUTURES FOUNDATION,942618667,OAKLAND,CA,http://www.collegefutures.org/,(415) 287-1800,1999 Harrison St Ste 1900, Oakland, CA 94612, USA,ChIJ17mcM2KAhYAR6EtJfomuHMk
MAXWELL HANRAHAN FOUNDATION,832118884,SAN FRANCISCO,CA,https://gggp.org/japanese-tea-garden/,(415) 661-1316,75 Hagiwara Tea Garden Dr, San Francisco, CA 94118, USA,ChIJhVvouY-AhYARt6oYQBabsr8
SCHARBAUER FOUNDATION INC,262527362,MIDLAND,TX,http://scharbauerfoundation.org/,(432) 683-2222,300 N Marienfeld St Ste 900, Midland, TX 79701, USA,ChIJZ08kSHzY-4YRThnPl3Bk2cE
KATE B REYNOLDS CHARITABLE TRUST,566036515,WINSTON SALEM,NC,http://www.kbr.org/,(336) 397-5500,128 Reynolda Vlg Wy, Winston-Salem, NC 27106, USA,ChIJo8tYnQKyU4gR9JYiwl0NtMg
SMITH RICHARDSON FOUNDATION INC,560611550,GREENSBORO,NC,http://www.srf.org/,(336) 379-8600,701 Green Valley Rd #306, Greensboro, NC 27408, USA,ChIJk6-RUaseU4gR-tSkQjCvQlw
JON AND KAREN HUNTSMAN FOUNDATION,742521914,SALT LAKE CTY,UT,https://huntsmancancer.org/giving/foundation/,(801) 584-5942,500 S, 500 Huntsman Way, Salt Lake City, UT 84108, USA,ChIJ8fAspc9fUocR2vXbO8WBWCI
WADHWANI OPERATING FOUNDATION,383840804,LOS ALTOS,CA,http://wadhwani-foundation.org/contact#address,,4 Main St #120, Los Altos, CA 94022, USA,ChIJ1VQaKeq6j4ARGLr8GIfbaqc
GEORGE GUND FOUNDATION,346519769,CLEVELAND,OH,https://gundfoundation.org/,(216) 241-3114,1660 W 2nd St #900, Cleveland, OH 44113, USA,ChIJP-D5bX_wMIgReazlEc7zrIQ
THE@MACMILLAN FAMILY FOUNDATION INC,481286405,NEW YORK,NY,https://milanafamilyfoundation.org/contact/,(800) 535-9096,600 Broadhollow Rd, Melville, NY 11747, USA,ChIJVVWlHVIq6IkRhXbFN4gx38g
AMON G CARTER FOUNDATION,756000331,FORT WORTH,TX,http://www.agcf.org/,(817) 332-2783,201 Main St #1945, Fort Worth, TX 76102, USA,ChIJ3ZvZ7EBxToYRuxaXPljAY6E
ROBERT M BEREN FOUNDATION INC,480990309,WICHITA,KS,https://jsbwjcc.org/,(316) 685-1340,1850 N Woodlawn Blvd, Wichita, KS 67208, USA,ChIJq6uVPCX9uocRFb8XyG95KBs
COLORADO TRUST,840994055,DENVER,CO,https://www.coloradotrust.org/,(303) 837-1200,3660 Blake St Ste 800, Denver, CO 80205, USA,ChIJpw37qHl5bIcRfF4bI8H-frU
TRUIST FOUNDATION INC,237336418,ORLANDO,FL,https://www.truist.com/branch/fl/orlando/32819/7677-dr-phillips-blvd,(407) 867-6620,7677 Dr Phillips Blvd, Orlando, FL 32819, USA,ChIJ0YbUMad_54gRwf7sX_qrI9I
NORTHWEST AREA FOUNDATION,410719221,SAINT PAUL,MN,http://www.nwaf.org/,(651) 224-9635,60 Plato Blvd #400, St Paul, MN 55107, USA,ChIJPYbAHznV94cRH_pbtOAmWW8
ENDEAVOR FOUNDATION INC,136147952,NEW YORK,NY,https://endeavor.org/,,28 Liberty St, New York, NY 10005, USA,ChIJ7ZjZzaNZwokRxUhWs9zbTHg
THE MORNINGSTAR PHILANTHROPIC FOUNDATION,521270464,BETHESDA,MD,https://www.hjf.org/,(240) 694-2000,6720A Rockledge Dr, Bethesda, MD 20817, USA,ChIJadNYWnDMt4kR56fwmxhCpXY
ENTERPRISE HOLDINGS FOUNDATION,431262762,SAINT LOUIS,MO,https://www.enterprisemobility.com/,(855) 266-9565,600 Corporate Park Dr, St. Louis, MO 63105, USA,ChIJEwHX6y_L2IcRa6oTSB7DyTs
PULTE FAMILY CHARITABLE FOUNDATION INC,382923581,BOCA RATON,FL,https://www.pultefamilyfoundation.org/contact-us/,(833) 359-9448,220 S Dixie Hwy, Boca Raton, FL 33432, USA,ChIJ__9jRgXi2IgRR4v86YiZjfA
CHARLES AND HELEN SCHWAB FOUNDATION,943374170,SAN FRANCISCO,CA,,(415) 795-4920,201 Mission St, San Francisco, CA 94105, USA,ChIJVVXlkWSAhYAR9s1xyWy3XX0
MARINA KELLEN FRENCH FOUNDATION INC,922711044,NEW YORK,NY,https://frenchamerican.org/we-are-moving/,(212) 221-7209,28 W 44th St Ste 912, New York, NY 10036, USA,ChIJhYSOuWtZwokR2CqdEoSF9u0
MULVA FAMILY FOUNDATION,203221183,AUSTIN,TX,https://athletics.snc.edu/facilities/mulva-family-fitness-sports-center/8,(920) 403-3031,601 3rd St, De Pere, WI 54115, USA,ChIJRQnSG2v8AogRw-vNhk8nQJY
1111 FOUNDATION,461463656,HIGHLAND PARK,IL,http://www.hpcfil.org/,(847) 433-4100,833 Central Ave Unit 398, Highland Park, IL 60035, USA,ChIJmaAOKb3BD4gR019u0adkvM4
COMMUNITY FACILITY PUBLIC PRIVATE PARTNERSHIPS,205591574,MINNETONKA,MN,http://www.mcsmn.com/,(952) 658-8995,7900 Excelsior Blvd #200, Hopkins, MN 55343, USA,ChIJH3MhSV8g9ocRmHc4qRb5fv0
THE BROAD,273032164,LOS ANGELES,CA,https://www.thebroad.org/,(213) 232-6200,221 S Grand Ave, Los Angeles, CA 90012, USA,ChIJXaYsEk3GwoARvx7RKBUE8Zg
FMH FOUNDATION,272504803,MIDLAND,TX,http://fmhfoundation.org/contact-us/,(432) 682-7924,6 Desta Dr, Midland, TX 79705, USA,ChIJq6qqg7zY-4YRGr-3JyRNTUg
STEVEN & ALEXANDRA COHEN FOUNDATION INC,061627638,STAMFORD,CT,https://www.samlcohenfoundation.org/,(207) 871-5600,22 Free St, Portland, ME 04101, USA,ChIJ87m2oWmZskwRsthyzyDVTdA
THE COCA-COLA FOUNDATION INC,581574705,ATLANTA,GA,https://www.worldofcoca-cola.com/,(404) 676-5151,121 Baker St NW, Atlanta, GA 30313, USA,ChIJ8yjI7H4E9YgRyacfAZqyAUQ
THE THOMPSON FAMILY FOUNDATION INC,061194385,NEW YORK,NY,http://www.thompsonhealth.com/,(585) 396-6155,350 Parrish St, Canandaigua, NY 14424, USA,ChIJ-2tL6yYk0YkRpwHltMBsFPI
ZOMA FOUNDATION,814630003,DENVER,CO,https://www.wfco.org/(,,(303) 285-2960,Chambers Center for the Advancement of Women, 1901 E Asbury Ave, Denver, CO 80210, USA,ChIJJcdqf0B-bIcRYEvSBJiFbT0
VALHALLA FOUNDATION,200478828,WOODSIDE,CA,http://www.valhalla.org/,,175 Fox Hollow Rd, Woodside, CA 94062, USA,ChIJVVXFth6kj4ARQPaAtDZB7eA
SID W RICHARDSON FOUNDATION,756015828,FORT WORTH,TX,http://www.sidrichardson.org/,(817) 336-0494,309 Main St, Fort Worth, TX 76102, USA,ChIJhQoD7kBxToYRYZ4xN909gYM
ROBERT RAUSCHENBERG FOUNDATION,650200989,NEW YORK,NY,https://www.rauschenbergfoundation.org/,,381 Lafayette St, New York, NY 10003, USA,ChIJCx5oYwBZwokRjW9XaI2nCR8
ELBRIDGE STUART FOUNDATION,200882784,SAN FRANCISCO,CA,http://www.stuartfoundation.org/,(415) 393-1551,500 Washington St, San Francisco, CA 94111, USA,ChIJb3G2aGGAhYARS-AZ0lGNejE
LEGACY ENHANCEMENT,473843447,HOUSTON,TX,http://www.legacyenhancement.org/about-us/,(866) 792-4388,1775 Saint James Place Ste 103, Houston, TX 77056, USA,ChIJVVXFkZPDQIYR350tEAu_Kb8
GEORGE AND BEVERLY RAWLINGS ENDOWMENT FOUNDATION INC,843892154,LAGRANGE,KY,https://www.machinify.com/,(502) 587-1279,1 Eden Pkwy, La Grange, KY 40031, USA,ChIJGeaeWdmRaYgRIIbivhW3LXY
W P CAREY FOUNDATION,133597510,NEW YORK,NY,https://wpcarey.asu.edu/,(480) 965-5187,P.O. Box 873406, 300 E Lemon St, Tempe, AZ 85281, USA,ChIJSTT2VMMIK4cR35mhpl1J8_M
THE UNIVERSITY FINANCING FOUNDATION INC,581505902,ATLANTA,GA,http://www.tuff.org/,(404) 214-9200,75 5th St NW #1050, Atlanta, GA 30332, USA,ChIJ82Jg3WEE9YgRVGY7CMiyyFY
THE HEARTHLAND FOUNDATION,954016320,LOS ANGELES,CA,,(310) 312-5557,11400 W Olympic Blvd #550, Los Angeles, CA 90064, USA,ChIJn2-KAAu7woARFg0sJY8ceK8
BETH AND RAVENEL CURRY FOUNDATION,237411083,ERIE,PA,http://www.eriecommunityfoundation.org/,(814) 454-0843,459 W 6th St, Erie, PA 16507, USA,ChIJvSdEBP9_LYgRqu-68M2OERs
HARRY-ANNA INVESTMENT FUND INC,592825890,UMATILLA,FL,http://floridaelks.org/,(800) 523-1673,24175 SE Hwy 450, Umatilla, FL 32784, USA,ChIJx8E0pG-654gR_HEsZtAfwrE
CHARLES K BLANDIN FOUNDATION,416038619,GRAND RAPIDS,MN,http://www.blandinfoundation.org/,(218) 326-0523,100 N Pokegama Ave, Grand Rapids, MN 55744, USA,ChIJuZeL-v2PsFIRLa99aawW6WI
TOWN BRANCH FOUNDATION,823575662,BENTONVILLE,AR,http://www.waltonfamilyfoundation.org/,(479) 464-1570,215 NW A St, Bentonville, AR 72712, USA,ChIJGeIbypkayYcReCsRUO1xEoQ
MARTY & DOROTHY SILVERMAN FOUNDATION,222777449,NEW YORK,NY,http://www.mattsfoundation.org/contact/,(800) 562-8336,324 S Beverly Dr, Beverly Hills, CA 90212, USA,ChIJf_UiYPu7woAR6bgx2RhD1vo
THE EZRAH CHARITABLE TRUST,812608588,CHARLOTTE,NC,http://www.fftc.org/,(704) 973-4500,220 N Tryon St, Charlotte, NC 28202, USA,ChIJcRYfay-gVogR2cfx9X4i9PE
CARSON FAM CHARITABLE TR,136957038,NEW YORK,NY,http://carlsonfamilyfoundation.org/,(952) 404-5614,701 Carlson Pkwy Ste 1250, Minnetonka, MN 55305, USA,ChIJ33z2AONSs1IRqT21RlyrTMU
IOWA WEST FOUNDATION,421391990,COUNCIL BLFS,IA,http://www.iowawestfoundation.org/,(712) 309-3000,4201 Rivers Edge Pkwy Ste 400, Council Bluffs, IA 51501, USA,ChIJVVVVVfqEk4cRLhYcN7wF48M
THE POWELL FOUNDATION,746104592,HOUSTON,TX,http://www.powellfoundation.org/,(713) 523-7557,2001 Kirby Dr #1011, Houston, TX 77019, USA,ChIJ6e7gzL_AQIYR9eHmS61Qyc8
LEON LEVY FOUNDATION,306085406,NEW YORK,NY,http://www.leonlevinefoundation.org/,(704) 817-6500,4600 Park Rd #500, Charlotte, NC 28209, USA,ChIJtR5FnmmeVogRWinnIErOKvE
MOORE CHARITABLE FOUNDATION INC,133741954,NEW YORK,NY,http://moorecharitable.org/,(212) 782-7324,11 Times Sq 37th Fl, New York, NY 10036, USA,ChIJMSVmzfhYwokRr7byQ9vCBB0
EVELYN AND WALTER HAAS JR FUND,946068932,SAN FRANCISCO,CA,http://www.haasjr.org/,(415) 856-1400,450 Sansome St 16th Floor, San Francisco, CA 94111, USA,ChIJ62yCEWKAhYARjmIgrNDW22U
THE NATHAN CUMMINGS FOUNDATION INC,237093201,NEW YORK,NY,http://www.nathancummings.org/,(212) 787-7300,120 Wall St 26th fl, New York, NY 10005, USA,ChIJc-WFGLNZwokR40jVom3HgZA
WILLIAM N PENNINGTON FOUNDATION,371904998,RENO,NV,https://www.renown.org/locations/william-n-pennington-cancer-institute/?utm_source=GMBlisting&utm_medium=organic&utm_campaign=gmb,(775) 982-4000,1155 Mill St, Reno, NV 89502, USA,ChIJoZyMTKlAmYARKkgnMuQsKTo
PRITZKER FOUNDATION,366058062,CHICAGO,IL,http://ptfound.org/,,444 W Lake St Ste 3400, Chicago, IL 60606, USA,ChIJQ_2_EsgsDogR3sx5EUTN0GQ
TEMPLE HOYNE BUELL FOUNDATION,846037604,DENVER,CO,http://www.buellfoundation.org/,(303) 744-1688,950 S Cherry St, Denver, CO 80246, USA,ChIJa043fml-bIcRnCsdHab8qQ0
STEPHEN AND RENEE BISCIOTTI FOUNDATION INC,522352678,BALTIMORE,MD,https://www.itinerisbaltimore.org/,(443) 275-1100,2050 Rockrose Ave Suite A, Baltimore, MD 21211, USA,ChIJg9NnDEEQyIkRRIFv9acx3uc
H N AND FRANCES C BERGER FOUNDATION,521757452,PALM DESERT,CA,http://www.hnberger.org/,(760) 341-5293,42600 Cook St, Palm Desert, CA 92211, USA,ChIJRXPppnL92oARqxqXeerwRNE
KEMPER AND LEILA WILLIAMS FOUNDATION,237336090,NEW ORLEANS,LA,https://www.hnoc.org/,(504) 523-4662,520 Royal St, New Orleans, LA 70130, USA,ChIJc4kcBA6mIIYRbWz3FiNQ8fQ
CHARLES F KETTERING FOUNDATION,310549056,DAYTON,OH,https://kettering.org/,(800) 221-3657,200 Commons Rd, Dayton, OH 45459, USA,ChIJV-NHfxSPQIgRJ1CCKqpW4mA
YAWKEY FOUNDATION II,042768239,WESTWOOD,MA,https://yawkeyfoundation.org/,(781) 329-7470,100 Lowder Brook Dr Ste 2800, Westwood, MA 02090, USA,ChIJVe1TNvp_44kRxUMh16MifmY
RUSSELL SAGE FOUNDATION,131635303,NEW YORK,NY,http://www.russellsage.org/,(212) 750-6000,112 E 64th St, New York, NY 10065, USA,ChIJhXce5-5YwokRJCiKaA1qKq8
PETER KIEWIT FOUNDATION,476098282,OMAHA,NE,http://peterkiewitfoundation.org/,(402) 344-7890,1125 S 103rd St Ste 500, Omaha, NE 68124, USA,ChIJIU7JEj-Nk4cREnGMdjJmy9s
THE ARTHUR M BLANK FAMILY FOUNDATION,383983213,ATLANTA,GA,http://www.blankfoundation.org/,(470) 341-2100,3223 Howell Mill Rd NW, Atlanta, GA 30327, USA,ChIJ1ZFABloF9YgRvJkrhH7Kn4I
SORENSON LEGACY FOUNDATION,453240491,MIDVALE,UT,http://sorensonlegacyfoundation.org/,(801) 461-9700,6900 S 900 E Ste 230, Midvale, UT 84047, USA,ChIJGX43SNKJUocRPLoVQNFRr20
JOY UNSPEAKABLE FOUNDATION,934603637,CHARLESTON,SC,https://kidsfindjoy.org/,(385) 260-7798,55 N Main St Ste c, Bountiful, UT 84010, USA,ChIJfVa8UPP3UocRw0PjccR9I_Q
MUSK FOUNDATION,852133087,AUSTIN,TX,https://tmf-fdn.org/,(512) 331-9971,11709 Boulder Ln #100, Austin, TX 78726, USA,ChIJAz_73VkyW4YRpRk1akMoQ5w
JAMES S MCDONNELL FOUNDATION,542074788,SAINT LOUIS,MO,https://www.jsmf.org/,(314) 721-1532,4565 McRee Ave #120, St. Louis, MO 63110, USA,ChIJZevFeiPL2IcRjZr-0G1x374
RAY AND KAY ECKSTEIN CHARITABLE TRUST,396786592,PADUCAH,KY,,(270) 534-8930,4965 Village Square Dr, Paducah, KY 42001, USA,ChIJo7fX0kkaeogRje6o2SmYUJY
THE CHAMPLIN FOUNDATION,510165988,WILMINGTON,DE,https://champlinfoundation.org/,(401) 944-9200,2000 Chapel View Blvd, Cranston, RI 02920, USA,ChIJO9-j4sNO5IkRadJ3f1zCBg4
WALLIS ANNENBERG LEGACY FOUNDATION,452964080,PLAYA VISTA,CA,http://www.annenbergpetspace.org/,(424) 384-1801,12005 Bluff Creek Dr, Playa Vista, CA 90094, USA,ChIJp-VsGKmwwoAR_PgstrY5Img
AINSLIE FOUNDATION,814732333,DALLAS,TX,http://www.afildfw.org/,(214) 351-0798,2826 Storey Ln, Dallas, TX 75220, USA,ChIJ5T1sa6edToYR1EU4Yv8gcgE
W K KELLOGG FOUNDATION,381359264,BATTLE CREEK,MI,http://www.wkkf.org/,(269) 968-1611,1 E Michigan Ave, Battle Creek, MI 49017, USA,ChIJO-NLYo7xF4gReYSTbZ4Dgu4
CLARK FOUNDATION,135616528,COOPERSTOWN,NY,https://clarkscholarship.org/,(607) 547-9927,19 Main St, Cooperstown, NY 13326, USA,ChIJcQ-bbCcH3IkRAzAUi5z7o4o
VALLEY BAPTIST LEGACY FOUNDATION,741936869,HARLINGEN,TX,http://www.vblf.org/,(956) 335-3040,1267 Stuart Place Rd, Harlingen, TX 78552, USA,ChIJOeq4H4p_b4YRcB7mtgHdiRU
RALPH M PARSONS FOUNDATION,956085895,LOS ANGELES,CA,http://www.rmpf.org/,(213) 362-7600,601 S Figueroa St #5000, Los Angeles, CA 90017, USA,ChIJD_NJIrDHwoARIt96zAQrxQY
TANSY CHARITABLE FOUNDATION,276377439,NEW YORK,NY,http://www.philanthropynewyork.org/,(212) 714-0699,320 E 43rd St, New York, NY 10017, USA,ChIJZ5cLz05ZwokRd4Ffw75i0kk
BLUE CROSS AND BLUE SHIELD OF FLORIDA FOUNDATION INC,593707820,JACKSONVILLE,FL,http://www.floridablue.com/,(800) 352-2583,4800 Deerwood Campus Pkwy, Jacksonville, FL 32246, USA,ChIJXW1whZ3K5YgR-TFZjdHbx_E
CLAUDE WORTHINGTON BENEDUM FOUNDATION,251086799,PITTSBURGH,PA,https://benedum.org/,(412) 288-0360,223 Fourth Ave #1400, Pittsburgh, PA 15222, USA,ChIJdYQksVbxNIgRCNwKFKd7o6I
T L L TEMPLE FOUNDATION,756037406,LUFKIN,TX,http://www.tlltemple.foundation/,(936) 634-3900,204 Champions Dr, Lufkin, TX 75901, USA,ChIJkXe9h_U9OIYRVLqFVUJjQhs
EL POMAR FOUNDATION,846002373,COLORADO SPGS,CO,http://www.elpomar.org/,(719) 633-7733,10 Lake Cir, Colorado Springs, CO 80906, USA,ChIJ74cA6E1bE4cRvaHKb4p0_fk
CLARK CHARITABLE FOUNDATION INC,521512330,BETHESDA,MD,,(301) 654-3607,7501 Wisconsin Ave Ste. 710, Bethesda, MD 20814, USA,ChIJtzpCTnvJt4kRtbole0xo2y8
PRICE PHILANTHROPIES FOUNDATION,465129465,LA JOLLA,CA,https://pricephilanthropies.org/,(619) 795-2000,4305 University Ave Ste 600, San Diego, CA 92105, USA,ChIJt-ifWRVU2YARSa23DHPQ9ZE
MATHWORKS FOUNDATION INC,831665375,NATICK,MA,http://www.mathworks.com/,(508) 647-7000,1 Apple Hill Dr, Natick, MA 01760, USA,ChIJDy_TU0SG44kR_IGwvKSFYQs
J WILLARD AND ALICE S MARRIOTT FOUNDATION,526068678,BETHESDA,MD,http://marriottfoundation.org/,,10400 Fernwood Rd, Bethesda, MD 20817, USA,ChIJAQAA7XnMt4kRq8nST_7nKGM
ROB AND MELANI WALTON FOUNDATION,474259772,BENTONVILLE,AR,http://www.waltonfamilyfoundation.org/,(479) 464-1570,215 NW A St, Bentonville, AR 72712, USA,ChIJGeIbypkayYcReCsRUO1xEoQ
NINA MASON PULLIAM CHARITABLE TR,356644088,INDIANAPOLIS,IN,https://www.ninapulliamtrust.org/,(317) 231-6075,1 American Sq Ste 2650, Indianapolis, IN 46282, USA,ChIJa2zCEr5Qa4gROMocn5-n5SQ
SHANAHAN FAMILY CHARITABLEFOUNDATION,207267377,PASADENA,CA,https://donnashanahantherapist.com/,(626) 639-2812,595 E Colorado Blvd Suite 607 Suite 607, Pasadena, CA 91101, USA,ChIJAf0de2jDwoARSyVazxuIgAQ
THE LOZIER FOUNDATION,943027928,OMAHA,NE,https://lozierfoundation.org/,(402) 457-8400,1299 Farnam St Ste 1450, Omaha, NE 68102, USA,ChIJfcGVFKKPk4cRvx5XVS_k3ow
VISA FOUNDATION,814503596,SAN FRANCISCO,CA,https://usa.visa.com/about-visa.html,(650) 432-3200,One Market Plaza, Ste 600, San Francisco, CA 94105, USA,ChIJ_1uVp2aAhYARTk6_3wvyYcM
MCCONNELL FOUNDATION,946102700,REDDING,CA,http://www.mcconnellfoundation.org/,(530) 226-6200,800 Shasta View Dr, Redding, CA 96003, USA,ChIJC93-jxmT0lQRimXUEe7jZe4
CARMEL HILL FUND,136881103,NEW YORK,NY,https://carmelhill.org/,(347) 719-0755,1 E 53rd St 3rd Floor, New York, NY 10022, USA,ChIJqz0nwTxZwokRuKZZIr5eJU8
TERRY FOUNDATION,311551093,HOUSTON,TX,https://terryfoundation.org/,(800) 675-2414,3336 Richmond Ave Ste 450, Houston, TX 77098, USA,ChIJb_e93OLAQIYROjYxa-4LN2E
LIBRA FOUNDATION,364812310,SAN FRANCISCO,CA,https://librafoundation.org/,(207) 879-6280,190 Middle St #601, Portland, ME 04101, USA,ChIJA3jQZhWcskwReaIDQnxLiak
O WAYNE ROLLINS FOUNDATION,586066677,ATLANTA,GA,,(404) 486-4620,1908 Cliff Valley Way NE, Atlanta, GA 30329, USA,ChIJtzbjByUG9YgRc2HqEcofTeU
WILLARD AND PAT WALKER CHARITABLE FOUNDATION INC,200235689,FAYETTEVILLE,AR,http://www.walkerfoundation.org/,(479) 582-2310,315 W Mountain St, Fayetteville, AR 72701, USA,ChIJRWyZG6RvyYcRn4h_1CUNmRg
HEARST FOUNDATION INC,136161746,NEW YORK,NY,http://www.hearstfdn.org/,(212) 649-2000,300 W 57th St #26, New York, NY 10019, USA,ChIJf_YWclhYwokRP5wslXwdViw
VIRGINIA G PIPER CHARITABLE TRUST 08-11-95,866247076,PHOENIX,AZ,https://pipertrust.org/,(480) 948-5853,1202 E Missouri Ave, Phoenix, AZ 85014, USA,ChIJoXBTd6QSK4cRDWFWktWpR-M
JEFF AND MARIEKE ROTHSCHILD FOUNDATION,834574297,PALO ALTO,CA,http://paloaltocommfund.org/,(650) 690-0370,355 Alma St Ste 1, Palo Alto, CA 94303, USA,ChIJ72siLrC7j4ARlLRQQa57yLI
ARNHOLD FOUNDATION INC,133456684,NEW YORK,NY,https://www.tc.columbia.edu/arnhold-institute-for-dance-education-research/,(212) 678-3705,525 W 120th St, New York, NY 10027, USA,ChIJzXFqYdT3wokRf0QaQsoSOhw
NORTON SIMON ART FOUNDATION,956038921,PASADENA,CA,http://www.nortonsimonfoundation.org/,(626) 432-7740,385 E Colorado Blvd #240, Pasadena, CA 91101, USA,ChIJOY7_Nm_DwoARuvnA6LMcxtM
MT CUBA CENTER INC,516001265,HOCKESSIN,DE,http://www.mtcubacenter.org/,(302) 239-4244,3120 Barley Mill Rd, Hockessin, DE 19707, USA,ChIJn-pcWPH-xokRVSa_RAHFSPE
BARBARA BRUNCKHORST FOUNDATION,866502564,RICHMOND,VA,https://bcarterfdn.org/,(804) 521-0272,920 Libbie Avenue, Richmond, VA 23226, USA,ChIJyaB_fuEUsYkRURMG74yY0Z0
SATTERBERG FOUNDATION,911501066,SEATTLE,WA,http://satterberg.org/,(206) 441-3045,1904 3rd Ave #825, Seattle, WA 98101, USA,ChIJAUtHskwVkFQRLdmt-yBkTzI
GENENTECH PATIENT FOUNDATION,460500266,S SAN FRAN,CA,http://www.gene.com/,(650) 225-1000,350 DNA Way, South San Francisco, CA 94080, USA,ChIJXZMmkEN4j4ARMYLVWMLXSYc
GATES FAMILY FOUNDATION,840474837,DENVER,CO,http://www.gatesfamilyfoundation.org/,(303) 722-1881,1390 Lawrence St #400, Denver, CO 80204, USA,ChIJPQqZi894bIcRvXb_yNIVGsE
JOSEPH AND VERA ZILBER FAMILY,392076346,MILWAUKEE,WI,http://www.zilberfamilyfoundation.org/contact.html,(414) 274-2447,710 N Plankinton Ave #800, Milwaukee, WI 53203, USA,ChIJwy_Ug6AZBYgRs7wkj54c25w
WINDGATE CHARITABLE TRUST,710723781,LITTLE ROCK,AR,https://www.windgatefoundation.org/,(501) 868-6330,6323 Ranch Dr Ste B, Little Rock, AR 72223, USA,ChIJpenkkpiiyYcRcqzF2YWgofM
THE KEITH CAMPBELL FOUNDATION FOR THE ENVIRONMENT INC,522136842,BETHESDA,MD,http://www.campbellfoundation.org/,(410) 990-0900,410 Severn Ave Unit 210, Annapolis, MD 21403, USA,ChIJJwQ2xkb2t4kR-Jomc1_f8WQ
WILLIAM T GRANT FOUNDATION INC,131624021,NEW YORK,NY,http://wtgrantfoundation.org/,(212) 752-0071,60 E 42nd St 43rd floor, New York, NY 10165, USA,ChIJHX4-xvxYwokR2bRTDY2b960
CYNTHIA & GEO MITCHELL FOUNDATION,742170127,THE WOODLANDS,TX,,(512) 502-5182,1011 W 31st St, Austin, TX 78705, USA,ChIJw8VovKHKRIYRKxk3-4kqMis
NELDA C AND HJ LUTCHER STARK FOUNDATION,746047440,ORANGE,TX,http://www.starkfoundation.org/,(409) 883-3513,601 W Green Ave, Orange, TX 77630, USA,ChIJz5jioBsAPIYRpFKohinQr54
SKILLMAN FOUNDATION,381675780,DETROIT,MI,,(313) 446-1377,100 River Pl Dr #100, Detroit, MI 48207, USA,ChIJ6aE2j8osO4gRKv29GDJ8FjU
